Experiment,Best_ACC,AUROC
Full_Model,0.38616367361697,0.4115950863255027
No_Transformer,0.435639387730505,0.4420512429126715
No_ResNet,0.2875738218633241,0.4586939081665246
