Experiment,Best_ACC,AUROC
Full_Model,0.9614921055803303,0.7632961813233003
No_Transformer,0.898517536458961,0.6175524683803698
No_ResNet,0.5565867180908762,0.6027090639535864
