Experiment,Best_ACC,AUROC
Full_Model_Pro,0.9993973725442932,0.8964000650940946
